<?xml version="1.0" encoding="UTF-8"?>
<project-private xmlns="http://www.netbeans.org/ns/project-private/1">
    <editor-bookmarks xmlns="http://www.netbeans.org/ns/editor-bookmarks/2" lastBookmarkId="0"/>
    <open-files xmlns="http://www.netbeans.org/ns/projectui-open-files/2">
        <group>
            <file>file:/C:/Users/Jayuk/Documents/NetBeansProjects/PreTestUTS/src/pretestuts/SimpleThreadFactory.java</file>
            <file>file:/C:/Users/Jayuk/Documents/NetBeansProjects/PreTestUTS/src/pretestuts/Pabrik.java</file>
            <file>file:/C:/Users/Jayuk/Documents/NetBeansProjects/PreTestUTS/src/pretestuts/Komponen.java</file>
            <file>file:/C:/Users/Jayuk/Documents/NetBeansProjects/PreTestUTS/src/pretestuts/Pekerja.java</file>
            <file>file:/C:/Users/Jayuk/Documents/NetBeansProjects/PreTestUTS/src/pretestuts/Pembeli.java</file>
            <file>file:/C:/Users/Jayuk/Documents/NetBeansProjects/PreTestUTS/src/pretestuts/Driver.java</file>
            <file>file:/C:/Users/Jayuk/Documents/NetBeansProjects/PreTestUTS/src/pretestuts/Komputer.java</file>
            <file>file:/C:/Users/Jayuk/Documents/NetBeansProjects/PreTestUTS/src/pretestuts/Marketing.java</file>
        </group>
    </open-files>
</project-private>
