<?xml version="1.0" encoding="UTF-8"?>
<project-private xmlns="http://www.netbeans.org/ns/project-private/1">
    <editor-bookmarks xmlns="http://www.netbeans.org/ns/editor-bookmarks/2" lastBookmarkId="0"/>
    <open-files xmlns="http://www.netbeans.org/ns/projectui-open-files/2">
        <group name="Group 20160428-09:19:08">
            <file>file:/C:/Users/Jayuk/Documents/NetBeansProjects/Kamus/src/kamus/Kamus.java</file>
            <file>file:/C:/Users/Jayuk/Documents/NetBeansProjects/Kamus/src/kamus/Driver.java</file>
        </group>
    </open-files>
</project-private>
